Sample,Time_s,Value
1,0.0,0.000358297
2,0.1,0.000145881
3,0.2,6.30822e-05
4,0.30000000000000004,0.000317184
5,0.4,0.000446516
6,0.5,0.000357956
7,0.6000000000000001,0.000393156
8,0.7000000000000001,9.37578e-05
9,0.8,0.000240462
10,0.9,0.000148222
11,1.0,0.000118092
12,1.1,0.000144459
13,1.2000000000000002,0.000195181
14,1.3,0.000377682
15,1.4000000000000001,0.000181163
16,1.5,9.94209e-05
17,1.6,0.000118285
18,1.7000000000000002,0.000131947
19,1.8,0.000228247
20,1.9000000000000001,0.000468727
21,2.0,0.000170057
22,2.1,0.000198678
23,2.2,0.000332551
24,2.3000000000000003,0.000293528
25,2.4000000000000004,0.000398091
26,2.5,0.000139564
27,2.6,0.000333118
28,2.7,0.000184872
29,2.8000000000000003,0.000223213
30,2.9000000000000004,0.000177642
31,3.0,0.000147023
32,3.1,0.000180165
33,3.2,0.000423532
34,3.3000000000000003,0.000396589
35,3.4000000000000004,0.000295817
36,3.5,0.000225451
37,3.6,0.000272494
38,3.7,0.000170139
39,3.8000000000000003,0.000286042
40,3.9000000000000004,0.000344259
41,4.0,0.00016223
42,4.1000000000000005,0.000199059
43,4.2,0.000235063
44,4.3,0.000342809
45,4.4,0.000321495
46,4.5,0.000211756
47,4.6000000000000005,0.000184572
48,4.7,0.000464618
49,4.800000000000001,0.000159908
50,4.9,0.000418918
51,5.0,0.000258358
52,5.1000000000000005,0.000189129
53,5.2,0.000124474
54,5.300000000000001,0.000141425
55,5.4,0.000236374
56,5.5,0.000168092
57,5.6000000000000005,0.000193023
58,5.7,0.000138618
59,5.800000000000001,0.000196083
60,5.9,0.0001214
61,6.0,0.000365023
62,6.1000000000000005,0.000363426
63,6.2,0.0002865
64,6.300000000000001,0.000205412
65,6.4,0.000495157
66,6.5,0.000369587
67,6.6000000000000005,0.000156889
68,6.7,0.0001599
69,6.800000000000001,0.000244184
70,6.9,0.000449315
71,7.0,0.000155801
72,7.1000000000000005,9.85243e-05
73,7.2,0.000126791
74,7.300000000000001,0.000134307
75,7.4,0.000215422
76,7.5,0.000303222
77,7.6000000000000005,0.000347966
78,7.7,0.000203093
79,7.800000000000001,0.000319631
80,7.9,0.000240345
81,8.0,0.000122351
82,8.1,0.000231896
83,8.200000000000001,0.000299848
84,8.3,0.000448073
85,8.4,0.000108586
86,8.5,0.000141327
87,8.6,0.000110434
88,8.700000000000001,0.000196326
89,8.8,0.000260746
90,8.9,0.000290797
91,9.0,0.000359193
92,9.1,0.000196389
93,9.200000000000001,0.000309637
94,9.3,0.000378191
95,9.4,0.000132557
96,9.5,7.04677e-05
97,9.600000000000001,0.000416746
98,9.700000000000001,0.000564324
99,9.8,0.000180029
100,9.9,0.000359755
101,10.0,0.000210642
102,10.100000000000001,0.000140842
103,10.200000000000001,0.000154864
104,10.3,0.00036172
105,10.4,0.000234245
106,10.5,7.16205e-05
107,10.600000000000001,0.00044251
108,10.700000000000001,0.000605299
109,10.8,0.000288963
110,10.9,0.000291827
111,11.0,0.000384498
112,11.100000000000001,0.000290451
113,11.200000000000001,0.000217875
114,11.3,0.00027964
115,11.4,0.00024096
116,11.5,0.000131792
117,11.600000000000001,0.000417501
118,11.700000000000001,0.000202267
119,11.8,0.000152468
120,11.9,0.000174042
121,12.0,0.000364914
122,12.100000000000001,0.000341239
123,12.200000000000001,0.000149059
124,12.3,0.00014027
125,12.4,0.000385042
126,12.5,0.000294318
127,12.600000000000001,0.000167847
128,12.700000000000001,0.000110257
129,12.8,0.000501662
130,12.9,0.000312741
131,13.0,0.000267951
132,13.100000000000001,0.000222142
133,13.200000000000001,0.000317453
134,13.3,0.000487052
135,13.4,0.000150697
136,13.5,0.000473744
137,13.600000000000001,0.000248539
138,13.700000000000001,0.000179863
139,13.8,0.000414467
140,13.9,0.000322122
141,14.0,0.000226672
142,14.100000000000001,0.000497296
143,14.200000000000001,0.000432331
144,14.3,0.000201022
145,14.4,0.000343572
146,14.5,0.000211029
147,14.600000000000001,0.000444399
148,14.700000000000001,0.000379099
149,14.8,0.000313943
150,14.9,0.000509958
151,15.0,0.000419692
152,15.100000000000001,0.00044393
153,15.200000000000001,0.000184485
154,15.3,0.000504676
155,15.4,0.000184084
156,15.5,0.000538827
157,15.600000000000001,0.00020155
158,15.700000000000001,0.000164462
159,15.8,0.000310269
160,15.9,0.00023218
161,16.0,0.000267505
162,16.1,0.000306432
163,16.2,0.000282087
164,16.3,0.000192001
165,16.400000000000002,0.000292844
166,16.5,0.000152185
167,16.6,0.000253538
168,16.7,0.000172371
169,16.8,0.000340146
170,16.900000000000002,0.000423523
171,17.0,0.000453608
172,17.1,0.000241426
173,17.2,0.000262068
174,17.3,0.000189415
175,17.400000000000002,0.000229258
176,17.5,0.00045775
177,17.6,0.000219286
178,17.7,0.000307915
179,17.8,0.000350159
180,17.900000000000002,0.000564638
181,18.0,0.00036033
182,18.1,0.000139376
183,18.2,0.000140052
184,18.3,0.000326613
185,18.400000000000002,0.000455736
186,18.5,0.000254426
187,18.6,0.000241421
188,18.7,0.000239862
189,18.8,0.000569205
190,18.900000000000002,0.000286636
191,19.0,0.000285854
192,19.1,0.000538942
193,19.200000000000003,0.000365941
194,19.3,0.000359199
195,19.400000000000002,0.000365584
196,19.5,0.000239467
197,19.6,0.000249074
198,19.700000000000003,0.000457769
199,19.8,0.000218758
200,19.900000000000002,0.000251355
201,20.0,0.000228182
202,20.1,0.000519668
203,20.200000000000003,0.000655888
204,20.3,0.000147944
205,20.400000000000002,0.000173892
206,20.5,0.000288097
207,20.6,0.000376678
208,20.700000000000003,0.000571137
209,20.8,0.000162492
210,20.900000000000002,0.000493912
211,21.0,0.000488916
212,21.1,0.00021265
213,21.200000000000003,0.000208083
214,21.3,0.000444083
215,21.400000000000002,0.000290127
216,21.5,0.00021125
217,21.6,0.000173191
218,21.700000000000003,0.000466656
219,21.8,0.000399895
220,21.900000000000002,0.000372697
221,22.0,0.000271388
222,22.1,0.000235289
223,22.200000000000003,0.000476685
224,22.3,0.000220243
225,22.400000000000002,0.000183128
226,22.5,0.000547523
227,22.6,0.000512459
228,22.700000000000003,0.000267216
229,22.8,0.000372754
230,22.900000000000002,0.00051162
231,23.0,0.000516003
232,23.1,0.000281864
233,23.200000000000003,0.00032658
234,23.3,0.000523107
235,23.400000000000002,0.00062501
236,23.5,0.000146339
237,23.6,0.000457998
238,23.700000000000003,0.000110565
239,23.8,0.000572257
240,23.900000000000002,0.000463666
241,24.0,0.000649127
242,24.1,0.000614091
243,24.200000000000003,0.00011057
244,24.3,0.000222617
245,24.400000000000002,0.000348426
246,24.5,0.000163508
247,24.6,0.000445238
248,24.700000000000003,0.000605228
249,24.8,0.000190666
250,24.900000000000002,0.000265913
251,25.0,0.000157134
252,25.1,0.000413516
253,25.200000000000003,0.0002526
254,25.3,0.000195958
255,25.400000000000002,0.000310858
256,25.5,0.000217771
257,25.6,0.00047103
258,25.700000000000003,0.00027713
259,25.8,0.000165909
260,25.900000000000002,0.000551878
261,26.0,0.000189069
262,26.1,0.000234338
263,26.200000000000003,0.000232305
264,26.3,0.000259735
265,26.400000000000002,0.000104722
266,26.5,0.000162677
267,26.6,0.000256249
268,26.700000000000003,0.000421188
269,26.8,0.000212179
270,26.900000000000002,0.000663266
271,27.0,0.000409813
272,27.1,0.000330829
273,27.200000000000003,0.000282256
274,27.3,0.000336626
275,27.400000000000002,0.000221208
276,27.5,0.000239669
277,27.6,0.000496334
278,27.700000000000003,0.000427309
279,27.8,0.000200667
280,27.900000000000002,0.000163705
281,28.0,0.000202218
282,28.1,0.000180198
283,28.200000000000003,0.000254576
284,28.3,0.000230231
285,28.400000000000002,0.000250016
286,28.5,0.000171973
287,28.6,0.000235652
288,28.700000000000003,0.000254344
289,28.8,0.000128467
290,28.900000000000002,0.000148936
291,29.0,0.000172033
292,29.1,0.000241456
293,29.200000000000003,0.000203057
294,29.3,0.000329068
295,29.400000000000002,0.000523977
296,29.5,8.59554e-05
297,29.6,0.000380377
298,29.700000000000003,0.000168212
299,29.8,0.000560438
300,29.900000000000002,0.000126063
301,30.0,0.00018162
302,30.1,0.00029467
303,30.200000000000003,0.000383448
304,30.3,0.000288285
305,30.400000000000002,0.000290528
306,30.5,0.000158557
307,30.6,0.000224609
308,30.700000000000003,0.000198822
309,30.8,0.000332829
310,30.900000000000002,0.000493903
311,31.0,0.000417454
312,31.1,0.000344603
313,31.200000000000003,0.000442396
314,31.3,0.000326975
315,31.400000000000002,0.000410559
316,31.5,0.00041925
317,31.6,0.000264019
318,31.700000000000003,0.00016837
319,31.8,0.000255835
320,31.900000000000002,0.000235995
321,32.0,0.000447141
322,32.1,0.000345853
323,32.2,0.000330058
324,32.300000000000004,0.000360199
325,32.4,0.000323204
326,32.5,9.0324e-05
327,32.6,0.000263904
328,32.7,0.000281474
329,32.800000000000004,0.000330464
330,32.9,0.000245888
331,33.0,0.000278675
332,33.1,0.000452498
333,33.2,0.000104918
334,33.300000000000004,0.000191151
335,33.4,0.000131421
336,33.5,0.000463612
337,33.6,0.000297932
338,33.7,0.000206622
339,33.800000000000004,8.29412e-05
340,33.9,0.000424995
341,34.0,0.000228389
342,34.1,0.000137095
343,34.2,0.000181045
344,34.300000000000004,0.000200602
345,34.4,0.000380309
346,34.5,0.000171398
347,34.6,0.000250755
348,34.7,0.000316655
349,34.800000000000004,0.000125475
350,34.9,0.000230572
351,35.0,0.000271328
352,35.1,0.000268903
353,35.2,9.86224e-05
354,35.300000000000004,0.000298169
355,35.4,0.000151904
356,35.5,0.000425968
357,35.6,0.000196781
358,35.7,0.000408545
359,35.800000000000004,0.000499005
360,35.9,0.000406635
361,36.0,0.000550488
362,36.1,0.000352743
363,36.2,0.00056951
364,36.300000000000004,0.000442862
365,36.4,0.000298292
366,36.5,0.000140684
367,36.6,0.000230564
368,36.7,0.000246961
369,36.800000000000004,0.000143197
370,36.9,0.00023651
371,37.0,0.000171681
372,37.1,0.000184389
373,37.2,0.000278128
374,37.300000000000004,0.000138191
375,37.4,0.000531062
376,37.5,9.4183e-05
377,37.6,0.000114295
378,37.7,0.000386757
379,37.800000000000004,0.000275896
380,37.9,0.000135929
381,38.0,0.000332638
382,38.1,0.000271385
383,38.2,0.000195312
384,38.300000000000004,0.000553069
385,38.400000000000006,0.000245476
386,38.5,0.000289656
387,38.6,0.000312845
388,38.7,0.000546398
389,38.800000000000004,0.000359261
390,38.900000000000006,0.000219943
391,39.0,0.000247231
392,39.1,0.000230365
393,39.2,0.000456022
394,39.300000000000004,0.000555502
395,39.400000000000006,0.000285758
396,39.5,0.000158262
397,39.6,0.000257623
398,39.7,0.000445729
399,39.800000000000004,0.000214852
400,39.900000000000006,0.000183043
401,40.0,0.000275184
402,40.1,0.000460241
403,40.2,0.000149372
404,40.300000000000004,0.000438477
405,40.400000000000006,0.000348292
406,40.5,0.00034155
407,40.6,0.000459211
408,40.7,0.0002722
409,40.800000000000004,0.000234349
410,40.900000000000006,0.00021153
411,41.0,0.000473603
412,41.1,0.000424812
413,41.2,0.000190851
414,41.300000000000004,0.000196007
415,41.400000000000006,0.000149438
416,41.5,0.000426505
417,41.6,0.000450433
418,41.7,0.000383301
419,41.800000000000004,0.000166468
420,41.900000000000006,0.000321026
421,42.0,0.000599486
422,42.1,0.000353032
423,42.2,0.000585718
424,42.300000000000004,0.000447942
425,42.400000000000006,0.000315995
426,42.5,0.000335342
427,42.6,0.000559809
428,42.7,0.000236341
429,42.800000000000004,0.00018833
430,42.900000000000006,0.000524456
431,43.0,0.000276713
432,43.1,0.000208909
433,43.2,0.00014817
434,43.300000000000004,0.000236292
435,43.400000000000006,0.00020493
436,43.5,0.000298136
437,43.6,0.000282308
438,43.7,0.000201978
439,43.800000000000004,0.000416092
440,43.900000000000006,0.00023872
441,44.0,0.000294752
442,44.1,0.000395744
443,44.2,0.000397818
444,44.300000000000004,0.000206369
445,44.400000000000006,0.000481234
446,44.5,0.000403127
447,44.6,0.000303355
448,44.7,0.000148059
449,44.800000000000004,0.000434086
450,44.900000000000006,0.000687956
451,45.0,0.000144173
452,45.1,0.00029171
453,45.2,0.000263716
454,45.300000000000004,0.000100219
455,45.400000000000006,0.000484711
456,45.5,9.79602e-05
457,45.6,0.000357593
458,45.7,0.00047254
459,45.800000000000004,0.000250938
460,45.900000000000006,0.00016504
461,46.0,0.000303323
462,46.1,0.000122392
463,46.2,0.000304606
464,46.300000000000004,0.000405825
465,46.400000000000006,0.000207712
466,46.5,0.000437929
467,46.6,0.000374733
468,46.7,0.000161094
469,46.800000000000004,0.000463637
470,46.900000000000006,0.000527776
471,47.0,0.000483733
472,47.1,0.000404861
473,47.2,0.000118078
474,47.300000000000004,0.000278918
475,47.400000000000006,0.000272781
476,47.5,0.000293877
477,47.6,0.00021189
478,47.7,0.000133792
479,47.800000000000004,0.000289642
480,47.900000000000006,0.00020176
481,48.0,0.00024861
482,48.1,0.000262493
483,48.2,0.000135678
484,48.300000000000004,0.000583829
485,48.400000000000006,0.000255364
486,48.5,0.000195151
487,48.6,0.000199147
488,48.7,0.000566755
489,48.800000000000004,0.000195506
490,48.900000000000006,0.000251763
491,49.0,0.000179819
492,49.1,0.000346044
493,49.2,0.000301404
494,49.300000000000004,0.000208339
495,49.400000000000006,0.000385299
496,49.5,0.000459881
497,49.6,0.000468215
498,49.7,0.000566951
499,49.800000000000004,0.000379916
500,49.900000000000006,0.000407106
501,50.0,0.000258775
502,50.1,0.000253458
503,50.2,0.000200967
504,50.300000000000004,0.000115721
505,50.400000000000006,0.000200793
506,50.5,0.000619598
507,50.6,0.000193102
508,50.7,0.000379189
509,50.800000000000004,0.000321574
510,50.900000000000006,0.000393845
511,51.0,0.00031938
512,51.1,0.0003332
513,51.2,0.000120149
514,51.300000000000004,0.000567846
515,51.400000000000006,0.000189011
516,51.5,0.000200923
517,51.6,0.000239404
518,51.7,0.000199089
519,51.800000000000004,0.000374512
520,51.900000000000006,0.000358229
521,52.0,0.000258168
522,52.1,0.000454698
523,52.2,0.000193584
524,52.300000000000004,0.000193715
525,52.400000000000006,0.000442712
526,52.5,0.00033511
527,52.6,0.000151354
528,52.7,0.000465484
529,52.800000000000004,0.000112753
530,52.900000000000006,0.000235417
531,53.0,0.000127148
532,53.1,0.000215528
533,53.2,0.000408717
534,53.300000000000004,0.000270391
535,53.400000000000006,0.000280545
536,53.5,0.00052759
537,53.6,0.000307255
538,53.7,0.000259242
539,53.800000000000004,0.000192298
540,53.900000000000006,0.000224655
541,54.0,0.000466105
542,54.1,0.000130017
543,54.2,0.000249256
544,54.300000000000004,0.000194849
545,54.400000000000006,7.83246e-05
546,54.5,0.000286295
547,54.6,0.000209925
548,54.7,0.000235714
549,54.800000000000004,0.000453035
550,54.900000000000006,0.00048421
551,55.0,0.000135961
552,55.1,0.000186251
553,55.2,0.000397699
554,55.300000000000004,0.000336039
555,55.400000000000006,0.000408943
556,55.5,0.000310621
557,55.6,0.000353353
558,55.7,0.000308291
559,55.800000000000004,0.000245653
560,55.900000000000006,0.000263577
561,56.0,0.000159475
562,56.1,0.000218662
563,56.2,0.000509181
564,56.300000000000004,0.000178099
565,56.400000000000006,0.000199231
566,56.5,0.00037918
567,56.6,0.000124016
568,56.7,0.000262231
569,56.800000000000004,0.000414789
570,56.900000000000006,0.000200024
571,57.0,0.000524359
572,57.1,0.000291375
573,57.2,0.000255413
574,57.300000000000004,0.000324408
575,57.400000000000006,0.000187368
576,57.5,0.000297036
577,57.6,0.000200967
578,57.7,0.000253074
579,57.800000000000004,0.000182253
580,57.900000000000006,0.000638261
581,58.0,0.000627572
582,58.1,0.000304922
583,58.2,0.00026582
584,58.300000000000004,0.000474557
585,58.400000000000006,0.000290506
586,58.5,0.000261089
587,58.6,0.00018058
588,58.7,0.000558768
589,58.800000000000004,0.000228517
590,58.900000000000006,0.000251747
591,59.0,0.000133192
592,59.1,0.000371874
593,59.2,0.00039049
594,59.300000000000004,0.00014215
595,59.400000000000006,0.000336116
596,59.5,0.000315851
597,59.6,0.000175927
598,59.7,0.000152831
599,59.800000000000004,0.000285976
600,59.900000000000006,0.000142897
601,60.0,0.000636121
602,60.1,0.000245152
603,60.2,0.00016525
604,60.300000000000004,0.000445685
605,60.400000000000006,0.000371983
606,60.5,0.00040422
607,60.6,0.000283175
608,60.7,0.000127946
609,60.800000000000004,0.000598848
610,60.900000000000006,0.000104097
611,61.0,0.000241928
612,61.1,0.000607711
613,61.2,0.000417157
614,61.300000000000004,9.96962e-05
615,61.400000000000006,0.000175829
616,61.5,0.000379649
617,61.6,0.000308863
618,61.7,0.000535281
619,61.800000000000004,0.000122632
620,61.900000000000006,0.000164727
621,62.0,0.000404681
622,62.1,0.00055623
623,62.2,0.000303235
624,62.300000000000004,0.000305143
625,62.400000000000006,0.000306326
626,62.5,0.000592569
627,62.6,0.000244092
628,62.7,0.000314758
629,62.800000000000004,0.000341657
630,62.900000000000006,0.000603757
631,63.0,0.0002967
632,63.1,0.000403024
633,63.2,0.00052997
634,63.300000000000004,0.000427382
635,63.400000000000006,0.000172842
636,63.5,0.000519589
637,63.6,0.000314946
638,63.7,0.00031267
639,63.800000000000004,0.00027081
640,63.900000000000006,0.000611823
641,64.0,0.000260871
642,64.10000000000001,0.000317036
643,64.2,0.000429309
644,64.3,0.000398538
645,64.4,0.000365767
646,64.5,0.00012887
647,64.60000000000001,0.000460358
648,64.7,0.000267603
649,64.8,0.000434187
650,64.9,0.000319805
651,65.0,0.000470166
652,65.10000000000001,0.000354359
653,65.2,0.000414268
654,65.3,0.00030157
655,65.4,0.000229084
656,65.5,0.000465389
657,65.60000000000001,0.000625722
658,65.7,0.000209064
659,65.8,0.000440022
660,65.9,0.00053745
661,66.0,0.000557451
662,66.10000000000001,0.000245275
663,66.2,0.000214291
664,66.3,0.000407521
665,66.4,0.000258587
666,66.5,0.000301826
667,66.60000000000001,0.000205314
668,66.7,0.000198433
669,66.8,0.00071898
670,66.9,0.000314804
671,67.0,0.000256492
672,67.10000000000001,0.000268431
673,67.2,0.000564597
674,67.3,0.000324798
675,67.4,0.000281769
676,67.5,0.000609177
677,67.60000000000001,0.000526004
678,67.7,0.000669397
679,67.8,0.000558557
680,67.9,0.000184256
681,68.0,0.00058064
682,68.10000000000001,0.000199201
683,68.2,0.000232853
684,68.3,0.000433143
685,68.4,0.000134819
686,68.5,0.000508541
687,68.60000000000001,0.000402215
688,68.7,0.000249973
689,68.8,0.000210219
690,68.9,0.000148767
691,69.0,0.000537374
692,69.10000000000001,0.000185433
693,69.2,0.000387689
694,69.3,0.000250638
695,69.4,0.000246847
696,69.5,0.000312671
697,69.60000000000001,0.000468409
698,69.7,0.000198509
699,69.8,0.000651178
700,69.9,0.000404387
701,70.0,0.000166571
702,70.10000000000001,0.000262275
703,70.2,0.00016558
704,70.3,0.000494102
705,70.4,0.000432424
706,70.5,0.000243566
707,70.60000000000001,0.00060232
708,70.7,0.000264368
709,70.8,0.000277078
710,70.9,0.000149517
711,71.0,0.000224459
712,71.10000000000001,0.000399729
713,71.2,0.000596736
714,71.3,0.000204537
715,71.4,0.000228776
716,71.5,0.000292934
717,71.60000000000001,0.000616194
718,71.7,0.000289078
719,71.8,0.000357866
720,71.9,0.000227942
721,72.0,0.000184986
722,72.10000000000001,0.000152133
723,72.2,0.000435817
724,72.3,0.000514032
725,72.4,0.000437136
726,72.5,0.000237039
727,72.60000000000001,0.000391537
728,72.7,0.000122368
729,72.8,0.00056902
730,72.9,0.00034427
731,73.0,9.14305e-05
732,73.10000000000001,0.000287287
733,73.2,0.00035165
734,73.3,0.000410578
735,73.4,0.000195699
736,73.5,0.000426131
737,73.60000000000001,0.000192647
738,73.7,0.000297131
739,73.8,0.00017829
740,73.9,0.000237131
741,74.0,0.000265014
742,74.10000000000001,0.000309226
743,74.2,0.000239723
744,74.3,0.000520804
745,74.4,0.000299357
746,74.5,0.000351339
747,74.60000000000001,0.000260424
748,74.7,0.000303456
749,74.8,0.00021313
750,74.9,0.000442977
751,75.0,0.000206295
752,75.10000000000001,0.000288372
753,75.2,0.000229492
754,75.3,0.000107946
755,75.4,0.000330949
756,75.5,0.000228302
757,75.60000000000001,0.00024516
758,75.7,0.000206737
759,75.8,0.000489219
760,75.9,0.000380603
761,76.0,0.000242999
762,76.10000000000001,0.000194029
763,76.2,0.000289086
764,76.3,0.00029933
765,76.4,0.000137
766,76.5,0.000212411
767,76.60000000000001,0.000326387
768,76.7,0.000212672
769,76.80000000000001,0.000425524
770,76.9,0.000297774
771,77.0,0.000217534
772,77.10000000000001,0.000321822
773,77.2,0.000248681
774,77.30000000000001,0.000294346
775,77.4,0.000278378
776,77.5,0.000547765
777,77.60000000000001,0.000110799
778,77.7,0.000402929
779,77.80000000000001,0.000435122
780,77.9,0.000480601
781,78.0,0.000582733
782,78.10000000000001,8.38897e-05
783,78.2,0.000426276
784,78.30000000000001,0.00035477
785,78.4,0.00011701
786,78.5,0.000183504
787,78.60000000000001,0.000163661
788,78.7,0.000287162
789,78.80000000000001,0.000194454
790,78.9,0.00057114
791,79.0,0.000627044
792,79.10000000000001,0.000460977
793,79.2,0.000239053
794,79.30000000000001,0.000687635
795,79.4,0.00016943
796,79.5,0.000493819
797,79.60000000000001,0.000236188
798,79.7,0.000596409
799,79.80000000000001,0.000266033
800,79.9,0.000374147
801,80.0,0.000151389
802,80.10000000000001,0.000249512
803,80.2,0.000313393
804,80.30000000000001,0.000157679
805,80.4,0.000320707
806,80.5,0.0003052
807,80.60000000000001,0.000143655
808,80.7,0.000204218
809,80.80000000000001,0.000390324
810,80.9,0.000255835
811,81.0,0.000357768
812,81.10000000000001,0.000347175
813,81.2,0.00054979
814,81.30000000000001,0.000669035
815,81.4,0.000410374
816,81.5,0.000277681
817,81.60000000000001,0.000327807
818,81.7,0.000566627
819,81.80000000000001,0.000349448
820,81.9,0.000481185
821,82.0,0.000271982
822,82.10000000000001,0.000298186
823,82.2,0.000194664
824,82.30000000000001,0.000237546
825,82.4,0.00021624
826,82.5,0.000388367
827,82.60000000000001,0.000276898
828,82.7,0.000350701
829,82.80000000000001,0.000481029
830,82.9,0.000422899
831,83.0,0.000309948
832,83.10000000000001,0.000155422
833,83.2,0.000479424
834,83.30000000000001,0.000361363
835,83.4,0.000239633
836,83.5,0.000579986
837,83.60000000000001,0.000599963
838,83.7,0.00053723
839,83.80000000000001,0.00051289
840,83.9,0.000376739
841,84.0,0.000358106
842,84.10000000000001,0.000572667
843,84.2,0.00059501
844,84.30000000000001,0.000410971
845,84.4,0.000542339
846,84.5,0.000410867
847,84.60000000000001,0.000401792
848,84.7,0.0004152
849,84.80000000000001,0.000388844
850,84.9,0.000141071
851,85.0,0.000203545
852,85.10000000000001,0.000582845
853,85.2,0.000297384
854,85.30000000000001,0.000476835
855,85.4,0.000288813
856,85.5,0.000652197
857,85.60000000000001,0.000293901
858,85.7,0.000421548
859,85.80000000000001,0.000231011
860,85.9,0.000320394
861,86.0,0.000469858
862,86.10000000000001,0.000474369
863,86.2,0.000361412
864,86.30000000000001,0.000369888
865,86.4,0.000270884
866,86.5,0.000185308
867,86.60000000000001,0.000592452
868,86.7,0.000600701
869,86.80000000000001,0.000528383
870,86.9,0.000259026
871,87.0,0.000484757
872,87.10000000000001,0.000450198
873,87.2,0.000365688
874,87.30000000000001,0.000276062
875,87.4,0.000328035
876,87.5,0.00040252
877,87.60000000000001,0.000293027
878,87.7,0.00033351
879,87.80000000000001,0.000307225
880,87.9,0.00030211
881,88.0,0.000223437
882,88.10000000000001,0.000184825
883,88.2,0.000348718
884,88.30000000000001,0.000339381
885,88.4,0.000244495
886,88.5,0.000556634
887,88.60000000000001,0.000262852
888,88.7,0.000261572
889,88.80000000000001,0.000350519
890,88.9,0.000481501
891,89.0,0.000228716
892,89.10000000000001,0.000319685
893,89.2,0.000136899
894,89.30000000000001,0.000282864
895,89.4,0.000478051
896,89.5,0.000251586
897,89.60000000000001,0.000262604
898,89.7,0.000201877
899,89.80000000000001,0.000203553
900,89.9,0.000265556
901,90.0,0.000173379
902,90.10000000000001,0.000457698
903,90.2,0.000535568
904,90.30000000000001,0.000416558
905,90.4,0.00024332
906,90.5,0.000303963
907,90.60000000000001,0.0002369
908,90.7,0.000184842
909,90.80000000000001,0.00017427
910,90.9,0.000251971
911,91.0,0.000209225
912,91.10000000000001,0.000260522
913,91.2,0.000264588
914,91.30000000000001,0.000436834
915,91.4,0.000141164
916,91.5,0.000386261
917,91.60000000000001,0.000371345
918,91.7,0.000189126
919,91.80000000000001,0.000377333
920,91.9,0.00032612
921,92.0,0.000239483
922,92.10000000000001,0.000375226
923,92.2,0.000184915
924,92.30000000000001,0.000183514
925,92.4,0.000248114
926,92.5,0.000199784
927,92.60000000000001,0.000263488
928,92.7,0.000357098
929,92.80000000000001,0.000369059
930,92.9,0.000475832
931,93.0,0.000312316
932,93.10000000000001,0.000227132
933,93.2,0.000221303
934,93.30000000000001,0.000548725
935,93.4,0.000216218
936,93.5,0.00030668
937,93.60000000000001,0.000491998
938,93.7,0.000333399
939,93.80000000000001,0.000260062
940,93.9,0.000287598
941,94.0,0.000287001
942,94.10000000000001,0.000411796
943,94.2,0.00040455
944,94.30000000000001,0.000213133
945,94.4,0.000208407
946,94.5,0.000323004
947,94.60000000000001,0.000523977
948,94.7,0.000444925
949,94.80000000000001,0.000400658
950,94.9,0.000234578
951,95.0,0.000282613
952,95.10000000000001,0.000314306
953,95.2,0.000343981
954,95.30000000000001,0.000305181
955,95.4,0.000117975
956,95.5,0.000279556
957,95.60000000000001,0.000301579
958,95.7,0.000221576
959,95.80000000000001,0.0006544
960,95.9,0.000364715
961,96.0,0.000350072
962,96.10000000000001,0.000230912
963,96.2,0.000312065
964,96.30000000000001,0.000510623
965,96.4,0.000572064
966,96.5,0.000242645
967,96.60000000000001,0.000301246
968,96.7,0.000620279
969,96.80000000000001,0.000218063
970,96.9,0.000295708
971,97.0,0.000197217
972,97.10000000000001,0.000632729
973,97.2,0.000427162
974,97.30000000000001,0.000566995
975,97.4,0.000340294
976,97.5,0.000516523
977,97.60000000000001,0.000663682
978,97.7,0.00052471
979,97.80000000000001,0.000574184
980,97.9,0.000615156
981,98.0,0.000198209
982,98.10000000000001,0.000230983
983,98.2,0.000361951
984,98.30000000000001,0.000486354
985,98.4,0.000170733
986,98.5,0.00031774
987,98.60000000000001,0.000571108
988,98.7,0.000357479
989,98.80000000000001,0.000285971
990,98.9,0.00021788
991,99.0,0.000430674
992,99.10000000000001,0.000570006
993,99.2,0.00052381
994,99.30000000000001,0.000577961
995,99.4,0.000210574
996,99.5,0.000453695
997,99.60000000000001,0.000565196
998,99.7,0.000317761
999,99.80000000000001,0.000122193
1000,99.9,0.000243707
